{
  "geo_temperature": 0.8060981035232544,
  "band_temperature": 0.32038775086402893
}