{
  "geo_temperature": 0.6930975317955017,
  "band_temperature": 0.5079013705253601
}