{
  "geo_temperature": 0.7512917518615723,
  "band_temperature": 0.7239934802055359
}