{
  "comparison": "A1_vs_A0",
  "seeds": [
    0,
    1,
    2,
    3,
    4
  ],
  "metrics": {
    "geo_mrr": {
      "mean_diff": 0.023841455578804016,
      "ci95": [
        0.020646509528160096,
        0.026945900917053223
      ],
      "p_le_zero": 0.0,
      "t_stat": 13.520757805617372,
      "p_value": 0.0001731702037125925,
      "n": 5
    },
    "geo_hits10": {
      "mean_diff": 0.06639329195022584,
      "ci95": [
        0.054165887832641604,
        0.07642125487327575
      ],
      "p_le_zero": 0.0,
      "t_stat": 10.610213167605522,
      "p_value": 0.00044664688856302804,
      "n": 5
    },
    "band_mrr": {
      "mean_diff": -0.026461088657379152,
      "ci95": [
        -0.03971632719039917,
        -0.009282302856445313
      ],
      "p_le_zero": 0.9976,
      "t_stat": -2.9028174746398347,
      "p_value": 0.043993519021641045,
      "n": 5
    },
    "band_hits10": {
      "mean_diff": -7.455348968505859e-05,
      "ci95": [
        -0.0002236604690551758,
        0.0
      ],
      "p_le_zero": 1.0,
      "t_stat": -1.0000000000000002,
      "p_value": 0.3739009663000589,
      "n": 5
    }
  }
}