{
  "comparison": "A2_vs_A0",
  "seeds": [
    0,
    1,
    2,
    3,
    4
  ],
  "metrics": {
    "geo_mrr": {
      "mean_diff": 0.02225821018218994,
      "ci95": [
        0.01683325469493866,
        0.02669818252325058
      ],
      "p_le_zero": 0.0,
      "t_stat": 7.915064865327941,
      "p_value": 0.0013787189296649892,
      "n": 5
    },
    "geo_hits10": {
      "mean_diff": 0.06639329195022584,
      "ci95": [
        0.05066169500350952,
        0.08279590308666229
      ],
      "p_le_zero": 0.0,
      "t_stat": 7.408239296923513,
      "p_value": 0.0017713131680225887,
      "n": 5
    },
    "band_mrr": {
      "mean_diff": -0.026340961456298828,
      "ci95": [
        -0.0397987961769104,
        -0.011407470703125
      ],
      "p_le_zero": 0.9994,
      "t_stat": -3.219208565560258,
      "p_value": 0.032304795715075024,
      "n": 5
    },
    "band_hits10": {
      "mean_diff": -0.0001118302345275879,
      "ci95": [
        -0.0003354907035827637,
        0.0
      ],
      "p_le_zero": 1.0,
      "t_stat": -1.0000000000000002,
      "p_value": 0.3739009663000589,
      "n": 5
    }
  }
}