{
  "baseline": "event_x_mlp",
  "splits": {
    "test": {
      "rank": {
        "band": {
          "acc": 0.25927305221557617,
          "hits": {
            "1": 0.25927305221557617,
            "3": 0.6579683423042297,
            "10": 1.0
          },
          "hits10": 1.0,
          "mrr": 0.49843862652778625
        },
        "geo": {
          "acc": 0.004100652411580086,
          "hits": {
            "1": 0.004100652411580086,
            "3": 0.01248835027217865,
            "10": 0.043056849390268326
          },
          "hits10": 0.043056849390268326,
          "mrr": 0.025378050282597542
        },
        "tag": "mlp"
      }
    },
    "valid": {
      "rank": {
        "band": {
          "acc": 0.2712211608886719,
          "hits": {
            "1": 0.2712211608886719,
            "3": 0.6597170233726501,
            "10": 1.0
          },
          "hits10": 1.0,
          "mrr": 0.5035794377326965
        },
        "geo": {
          "acc": 0.003909158520400524,
          "hits": {
            "1": 0.003909158520400524,
            "3": 0.013216678984463215,
            "10": 0.04486224800348282
          },
          "hits10": 0.04486224800348282,
          "mrr": 0.025447720661759377
        },
        "tag": "mlp"
      }
    }
  }
}