{
  "baseline": "sensor_geocell_distance_rank",
  "distance": "manhattan",
  "splits": {
    "test": {
      "rank": {
        "geo": {
          "acc": 0.0255358807082945,
          "hits": {
            "1": 0.0255358807082945,
            "3": 0.08201304753028892,
            "10": 0.2570363466915191
          },
          "hits10": 0.2570363466915191,
          "mrr": 0.10758932918893435
        },
        "tag": "heuristic"
      }
    },
    "valid": {
      "rank": {
        "geo": {
          "acc": 0.025688756515264335,
          "hits": {
            "1": 0.025688756515264335,
            "3": 0.07948622486969471,
            "10": 0.2667535368577811
          },
          "hits10": 0.2667535368577811,
          "mrr": 0.10860917182973491
        },
        "tag": "heuristic"
      }
    }
  }
}