{
  "seed": 0,
  "prev_event": "on",
  "results": [
    {
      "k_prev": 1,
      "geo_mrr": 0.10825187712907791,
      "geo_hits10": 0.252376526594162,
      "band_mrr": 0.6806976199150085,
      "band_hits10": 1.0
    },
    {
      "k_prev": 4,
      "geo_mrr": 0.11605735123157501,
      "geo_hits10": 0.28164026141166687,
      "band_mrr": 0.6906572580337524,
      "band_hits10": 1.0
    },
    {
      "k_prev": 8,
      "geo_mrr": 0.12725640833377838,
      "geo_hits10": 0.2976700961589813,
      "band_mrr": 0.6856312155723572,
      "band_hits10": 1.0
    },
    {
      "k_prev": 16,
      "geo_mrr": 0.11342882364988327,
      "geo_hits10": 0.27232059836387634,
      "band_mrr": 0.7013264894485474,
      "band_hits10": 1.0
    }
  ]
}