{
  "label": "strong_time",
  "raw": {
    "A1": {
      "mrr": [
        0.08677514642477036,
        0.08681805431842804,
        0.10060357302427292
      ],
      "hits10": [
        0.20406390726566315,
        0.20284821093082428,
        0.23202501237392426
      ]
    },
    "A2": {
      "mrr": [
        0.08709222823381424,
        0.08650922030210495,
        0.10271156579256058
      ],
      "hits10": [
        0.2023271918296814,
        0.20771101117134094,
        0.24175061285495758
      ]
    }
  },
  "summary": {
    "A1": {
      "geo_mrr_mean": 0.0913989245891571,
      "geo_mrr_std": 0.007971487939357758,
      "geo_hits10_mean": 0.2129790335893631,
      "geo_hits10_std": 0.016505489125847816
    },
    "A2": {
      "geo_mrr_mean": 0.09210433810949326,
      "geo_mrr_std": 0.009190752170979977,
      "geo_hits10_mean": 0.21726293861865997,
      "geo_hits10_std": 0.021377114579081535
    }
  }
}