{
  "label": "strong_time_v2",
  "raw": {
    "A1": {
      "mrr": [
        0.11177583783864975,
        0.10435254126787186,
        0.12648841738700867
      ],
      "hits10": [
        0.2594192922115326,
        0.24766677618026733,
        0.2972692847251892
      ]
    },
    "A2": {
      "mrr": [
        0.10769118368625641,
        0.10909762233495712,
        0.12458126991987228
      ],
      "hits10": [
        0.24991358816623688,
        0.2533701956272125,
        0.2976149320602417
      ]
    }
  },
  "summary": {
    "A1": {
      "geo_mrr_mean": 0.11420559883117676,
      "geo_mrr_std": 0.011266190558671951,
      "geo_hits10_mean": 0.2681184411048889,
      "geo_hits10_std": 0.025920238345861435
    },
    "A2": {
      "geo_mrr_mean": 0.11379002779722214,
      "geo_mrr_std": 0.009371912106871605,
      "geo_hits10_mean": 0.2669662535190582,
      "geo_hits10_std": 0.02659875713288784
    }
  }
}